Metric,Validation,Test
MAE (MW),106.007273855549,119.71088270352857
RMSE (MW),140.38121624482315,155.53641401173059
R² Score,0.9617674286388572,0.9513211681231225
MAPE (%),2.159365353755717,2.4082993769774594
Directional Accuracy (%),83.15020405833499,81.5205913410771
